study_id,full_citation,publication_year,authors,study_title,journal,doi,pubmed_id,pmc_id,permanent_url,study_type,research_topic,male_only_sample,mixed_sex_sample,male_results_reported_separately,male_sample_size,total_sample_size,participant_training_status,participant_age_mean,participant_age_range,natural_or_enhanced,study_duration_weeks,intervention,comparator,training_protocol,nutrition_conditions,outcome_measures,main_result,effect_size,statistical_significance,practical_significance,study_limitations,risk_of_bias,male_applicability,evidence_tier,confidence_rating,replication_status,conflicting_evidence,reviewer_notes,date_added,last_reviewed_date
stu_0001,Pelland et al. (2026). The Resistance Training Dose Response: Meta-Regressions Exploring the Effects of Weekly Volume and Frequency on Muscle Hypertrophy and Strength Gains. Sports Medicine. https://doi.org/10.1007/s40279-025-02344-w,2026,Pelland et al.,The Resistance Training Dose Response: Meta-Regressions Exploring the Effects of Weekly Volume and Frequency on Muscle Hypertrophy and Strength Gains,Sports Medicine,10.1007/s40279-025-02344-w,41343037,,https://doi.org/10.1007/s40279-025-02344-w,systematic_review_meta_analysis,volume_frequency,false,true,false,,,mixed,,adult,not_reported,,Evidence synthesis of resistance-training interventions,Varied by included study,Varied by included study,Not consistently controlled,Direct and/or indirect measures relevant to the stated topic,More weekly sets generally predicted more hypertrophy with diminishing returns; frequency had little independent hypertrophy effect after volume accounting.,,See source; not reducible to one test,More weekly sets generally predicted more hypertrophy with diminishing returns; frequency had little independent hypertrophy effect after volume accounting.,Heterogeneous protocols and populations; male-specific aggregate often unavailable,varies_across_included_studies,indirect,tier_1,high,part_of_broader_evidence_base,See evidence conclusions and gaps tables,"Published online (ePub) in 2025 and assigned to the 2026 print volume. Direct, fractional (0.5), and total indirect-set models were compared; not a per-muscle biological threshold.",2026-07-12,2026-07-12
stu_0002,"Schoenfeld, Ogborn, and Krieger (2017). Dose-response relationship between weekly resistance training volume and increases in muscle mass. Journal of Sports Sciences. https://doi.org/10.1080/02640414.2016.1210197",2017,"Schoenfeld, Ogborn, and Krieger",Dose-response relationship between weekly resistance training volume and increases in muscle mass,Journal of Sports Sciences,10.1080/02640414.2016.1210197,,,https://doi.org/10.1080/02640414.2016.1210197,systematic_review_meta_analysis,training_volume,false,true,false,,,mixed,,adult,not_reported,,Evidence synthesis of resistance-training interventions,Varied by included study,Varied by included study,Not consistently controlled,Direct and/or indirect measures relevant to the stated topic,Higher weekly set volumes were associated with greater hypertrophy than very low volumes.,,See source; not reducible to one test,Higher weekly set volumes were associated with greater hypertrophy than very low volumes.,Heterogeneous protocols and populations; male-specific aggregate often unavailable,varies_across_included_studies,indirect,tier_1,moderate,part_of_broader_evidence_base,See evidence conclusions and gaps tables,Eligibility retained only for male-applicable inference; do not infer a sex-specific effect unless marked direct.,2026-07-12,2026-07-12
stu_0003,"Schoenfeld, Grgic, and Krieger (2019). How many times per week should a muscle be trained to maximize muscle hypertrophy?. Journal of Sports Sciences. https://doi.org/10.1080/02640414.2018.1555906",2019,"Schoenfeld, Grgic, and Krieger",How many times per week should a muscle be trained to maximize muscle hypertrophy?,Journal of Sports Sciences,10.1080/02640414.2018.1555906,,,https://doi.org/10.1080/02640414.2018.1555906,systematic_review_meta_analysis,training_frequency,false,true,false,,,mixed,,adult,not_reported,,Evidence synthesis of resistance-training interventions,Varied by included study,Varied by included study,Not consistently controlled,Direct and/or indirect measures relevant to the stated topic,"When weekly volume was equated, frequency did not significantly or meaningfully alter hypertrophy.",,See source; not reducible to one test,"When weekly volume was equated, frequency did not significantly or meaningfully alter hypertrophy.",Heterogeneous protocols and populations; male-specific aggregate often unavailable,varies_across_included_studies,indirect,tier_1,high,part_of_broader_evidence_base,See evidence conclusions and gaps tables,Eligibility retained only for male-applicable inference; do not infer a sex-specific effect unless marked direct.,2026-07-12,2026-07-12
stu_0004,Lopez et al. (2021). Resistance Training Load Effects on Muscle Hypertrophy and Strength Gain: Systematic Review and Network Meta-analysis. Medicine and Science in Sports and Exercise. https://doi.org/10.1249/MSS.0000000000002585,2021,Lopez et al.,Resistance Training Load Effects on Muscle Hypertrophy and Strength Gain: Systematic Review and Network Meta-analysis,Medicine and Science in Sports and Exercise,10.1249/MSS.0000000000002585,33433148,PMC8126497,https://doi.org/10.1249/MSS.0000000000002585,systematic_review_meta_analysis,loading,false,true,false,,747,mixed,,adult,not_reported,,Evidence synthesis of resistance-training interventions,Varied by included study,Varied by included study,Not consistently controlled,Direct and/or indirect measures relevant to the stated topic,"Low, moderate, and high loads taken to volitional failure produced similar hypertrophy; heavier loads produced greater 1RM strength gains.","No hypertrophy difference, p=0.113-0.995; strength favored moderate/high loads, SMD approximately 0.34-0.63",See source; not reducible to one test,"Low, moderate, and high loads taken to volitional failure produced similar hypertrophy; heavier loads produced greater 1RM strength gains.",Heterogeneous protocols and populations; male-specific aggregate often unavailable,varies_across_included_studies,indirect,tier_1,high,part_of_broader_evidence_base,See evidence conclusions and gaps tables,Eligibility retained only for male-applicable inference; do not infer a sex-specific effect unless marked direct.,2026-07-12,2026-07-12
stu_0005,Refalo et al. (2023). Influence of Resistance Training Proximity-to-Failure on Skeletal Muscle Hypertrophy. Sports Medicine. https://doi.org/10.1007/s40279-022-01784-y,2023,Refalo et al.,Influence of Resistance Training Proximity-to-Failure on Skeletal Muscle Hypertrophy,Sports Medicine,10.1007/s40279-022-01784-y,,,https://doi.org/10.1007/s40279-022-01784-y,systematic_review_meta_analysis,proximity_to_failure,false,true,false,,,mixed,,adult,not_reported,,Evidence synthesis of resistance-training interventions,Varied by included study,Varied by included study,Not consistently controlled,Direct and/or indirect measures relevant to the stated topic,"Momentary muscular failure was not superior to non-failure training; closer proximity may matter nonlinearly, especially with lighter loads.","Momentary failure vs non-failure ES 0.12, 95% CI -0.13 to 0.37",See source; not reducible to one test,"Momentary muscular failure was not superior to non-failure training; closer proximity may matter nonlinearly, especially with lighter loads.",Heterogeneous protocols and populations; male-specific aggregate often unavailable,varies_across_included_studies,indirect,tier_1,moderate,part_of_broader_evidence_base,See evidence conclusions and gaps tables,Eligibility retained only for male-applicable inference; do not infer a sex-specific effect unless marked direct.,2026-07-12,2026-07-12
stu_0006,Grgic et al. (2022). Effects of resistance training performed to repetition failure or non-failure. Journal of Sport and Health Science. https://doi.org/10.1016/j.jshs.2021.01.007,2022,Grgic et al.,Effects of resistance training performed to repetition failure or non-failure,Journal of Sport and Health Science,10.1016/j.jshs.2021.01.007,,,https://doi.org/10.1016/j.jshs.2021.01.007,systematic_review_meta_analysis,failure,false,true,false,,,mixed,,adult,not_reported,,Evidence synthesis of resistance-training interventions,Varied by included study,Varied by included study,Not consistently controlled,Direct and/or indirect measures relevant to the stated topic,Failure was not required for strength or hypertrophy; trained-subgroup estimates were small and should not override fatigue management.,"Hypertrophy ES 0.22, 95% CI -0.11 to 0.55; trained subgroup ES 0.15, 95% CI 0.03 to 0.26",See source; not reducible to one test,Failure was not required for strength or hypertrophy; trained-subgroup estimates were small and should not override fatigue management.,Heterogeneous protocols and populations; male-specific aggregate often unavailable,varies_across_included_studies,indirect,tier_1,moderate,part_of_broader_evidence_base,See evidence conclusions and gaps tables,Eligibility retained only for male-applicable inference; do not infer a sex-specific effect unless marked direct.,2026-07-12,2026-07-12
stu_0007,Singer et al. (2024). Give it a rest: a systematic review with Bayesian meta-analysis on the effect of inter-set rest interval duration on muscle hypertrophy. Frontiers in Sports and Active Living. https://doi.org/10.3389/fspor.2024.1429789,2024,Singer et al.,Give it a rest: a systematic review with Bayesian meta-analysis on the effect of inter-set rest interval duration on muscle hypertrophy,Frontiers in Sports and Active Living,10.3389/fspor.2024.1429789,39205815,PMC11349676,https://doi.org/10.3389/fspor.2024.1429789,systematic_review_meta_analysis,rest_intervals,false,true,false,,,mixed,,adult,not_reported,,Evidence synthesis of resistance-training interventions,Varied by included study,Varied by included study,Not consistently controlled,Direct and/or indirect measures relevant to the stated topic,Rest longer than 60 seconds may provide a small hypertrophy benefit; no appreciable difference was detected beyond roughly 90 seconds.,"Arm SMD 0.13, 95% CrI -0.27 to 0.51; thigh SMD 0.17, -0.13 to 0.43",See source; not reducible to one test,Rest longer than 60 seconds may provide a small hypertrophy benefit; no appreciable difference was detected beyond roughly 90 seconds.,Heterogeneous protocols and populations; male-specific aggregate often unavailable,varies_across_included_studies,indirect,tier_1,moderate,part_of_broader_evidence_base,See evidence conclusions and gaps tables,Eligibility retained only for male-applicable inference; do not infer a sex-specific effect unless marked direct.,2026-07-12,2026-07-12
stu_0008,"Schoenfeld, Ogborn, and Krieger (2015). Effect of repetition duration during resistance training on muscle hypertrophy. Sports Medicine. https://doi.org/10.1007/s40279-015-0304-0",2015,"Schoenfeld, Ogborn, and Krieger",Effect of repetition duration during resistance training on muscle hypertrophy,Sports Medicine,10.1007/s40279-015-0304-0,,,https://doi.org/10.1007/s40279-015-0304-0,systematic_review_meta_analysis,tempo,false,true,false,,,mixed,,adult,not_reported,,Evidence synthesis of resistance-training interventions,Varied by included study,Varied by included study,Not consistently controlled,Direct and/or indirect measures relevant to the stated topic,Hypertrophy was similar across repetition durations of approximately 0.5 to 8 seconds when sets were taken to failure; deliberately very slow repetitions remain poorly supported.,,See source; not reducible to one test,Hypertrophy was similar across repetition durations of approximately 0.5 to 8 seconds when sets were taken to failure; deliberately very slow repetitions remain poorly supported.,Heterogeneous protocols and populations; male-specific aggregate often unavailable,varies_across_included_studies,indirect,tier_1,moderate,part_of_broader_evidence_base,See evidence conclusions and gaps tables,Eligibility retained only for male-applicable inference; do not infer a sex-specific effect unless marked direct.,2026-07-12,2026-07-12
stu_0009,Nunes et al. (2021). What influence does resistance exercise order have on muscular strength gains and muscle hypertrophy? A systematic review and meta-analysis. European Journal of Sport Science. https://doi.org/10.1080/17461391.2020.1733672,2021,Nunes et al.,What influence does resistance exercise order have on muscular strength gains and muscle hypertrophy? A systematic review and meta-analysis,European Journal of Sport Science,10.1080/17461391.2020.1733672,32077380,,https://doi.org/10.1080/17461391.2020.1733672,systematic_review_meta_analysis,exercise_order,false,true,false,,,mixed,,adult,not_reported,,Evidence synthesis of resistance-training interventions,Varied by included study,Varied by included study,Not consistently controlled,Direct and/or indirect measures relevant to the stated topic,"Hypertrophy was similar across exercise orders, while exercise-specific strength improved most for movements performed earlier.","Hypertrophy ES 0.03, p=0.862",See source; not reducible to one test,"Hypertrophy was similar across exercise orders, while exercise-specific strength improved most for movements performed earlier.",Heterogeneous protocols and populations; male-specific aggregate often unavailable,varies_across_included_studies,indirect,tier_1,moderate,part_of_broader_evidence_base,See evidence conclusions and gaps tables,Eligibility retained only for male-applicable inference; do not infer a sex-specific effect unless marked direct.,2026-07-12,2026-07-12
stu_0010,"Haugen et al. (2023). Effect of free-weight vs. machine-based strength training on maximal strength, hypertrophy and jump performance. BMC Sports Science Medicine and Rehabilitation. https://doi.org/10.1186/s13102-023-00713-4",2023,Haugen et al.,"Effect of free-weight vs. machine-based strength training on maximal strength, hypertrophy and jump performance",BMC Sports Science Medicine and Rehabilitation,10.1186/s13102-023-00713-4,37582807,PMC10426227,https://doi.org/10.1186/s13102-023-00713-4,systematic_review_meta_analysis,exercise_modality,false,true,false,789,1016,mixed,,adult,not_reported,,Evidence synthesis of resistance-training interventions,Varied by included study,Varied by included study,Not consistently controlled,Direct and/or indirect measures relevant to the stated topic,Free weights and machines produced similar hypertrophy; strength gains were specific to the tested modality.,"Hypertrophy SMD -0.055, 95% CI -0.397 to 0.287",See source; not reducible to one test,Free weights and machines produced similar hypertrophy; strength gains were specific to the tested modality.,Heterogeneous protocols and populations; male-specific aggregate often unavailable,varies_across_included_studies,indirect,tier_1,high,part_of_broader_evidence_base,See evidence conclusions and gaps tables,Eligibility retained only for male-applicable inference; do not infer a sex-specific effect unless marked direct.,2026-07-12,2026-07-12
stu_0011,Pallarés et al. (2021). Effects of range of motion on resistance training adaptations. Scandinavian Journal of Medicine and Science in Sports. https://doi.org/10.1111/sms.14006,2021,Pallarés et al.,Effects of range of motion on resistance training adaptations,Scandinavian Journal of Medicine and Science in Sports,10.1111/sms.14006,,,https://doi.org/10.1111/sms.14006,systematic_review_meta_analysis,range_of_motion,false,true,false,,,mixed,,adult,not_reported,,Evidence synthesis of resistance-training interventions,Varied by included study,Varied by included study,Not consistently controlled,Direct and/or indirect measures relevant to the stated topic,Full range of motion generally favored strength and lower-limb hypertrophy over shortened partial ranges.,,See source; not reducible to one test,Full range of motion generally favored strength and lower-limb hypertrophy over shortened partial ranges.,Heterogeneous protocols and populations; male-specific aggregate often unavailable,varies_across_included_studies,indirect,tier_1,moderate,part_of_broader_evidence_base,See evidence conclusions and gaps tables,Eligibility retained only for male-applicable inference; do not infer a sex-specific effect unless marked direct.,2026-07-12,2026-07-12
stu_0012,Kassiano et al. (2023). Which ROMs Lead to Rome? A Systematic Review of the Effects of Range of Motion on Muscle Hypertrophy. Journal of Strength and Conditioning Research. https://doi.org/10.1519/JSC.0000000000004415,2023,Kassiano et al.,Which ROMs Lead to Rome? A Systematic Review of the Effects of Range of Motion on Muscle Hypertrophy,Journal of Strength and Conditioning Research,10.1519/JSC.0000000000004415,36662126,,https://doi.org/10.1519/JSC.0000000000004415,systematic_review,muscle_length,false,true,false,,,mixed,,adult,not_reported,,Evidence synthesis of resistance-training interventions,Varied by included study,Varied by included study,Not consistently controlled,Direct and/or indirect measures relevant to the stated topic,Full ROM and partial ROM at longer muscle lengths tended to outperform shortened-length partials for several measured muscles.,,See source; not reducible to one test,Full ROM and partial ROM at longer muscle lengths tended to outperform shortened-length partials for several measured muscles.,Heterogeneous protocols and populations; male-specific aggregate often unavailable,varies_across_included_studies,indirect,tier_1,moderate,part_of_broader_evidence_base,See evidence conclusions and gaps tables,Published online (ePub) in 2022 and assigned to the 2023 print volume; muscle- and exercise-specific evidence limits universal ROM claims.,2026-07-12,2026-07-12
stu_0013,Varovic et al. (2025). Does Muscle Length Influence Regional Hypertrophy?. International Journal of Sports Medicine. https://doi.org/10.1055/a-2615-4935,2025,Varovic et al.,Does Muscle Length Influence Regional Hypertrophy?,International Journal of Sports Medicine,10.1055/a-2615-4935,,,https://doi.org/10.1055/a-2615-4935,systematic_review_meta_analysis,muscle_length,false,true,false,,120,mixed,,adult,not_reported,,Evidence synthesis of resistance-training interventions,Varied by included study,Varied by included study,Not consistently controlled,Direct and/or indirect measures relevant to the stated topic,"Longer and shorter mean muscle-length training produced broadly similar hypertrophy, with small uncertain trends favoring longer lengths distally.",SMD 0.05-0.09 by region; intervals included trivial effects,See source; not reducible to one test,"Longer and shorter mean muscle-length training produced broadly similar hypertrophy, with small uncertain trends favoring longer lengths distally.",Heterogeneous protocols and populations; male-specific aggregate often unavailable,varies_across_included_studies,indirect,tier_1,moderate,part_of_broader_evidence_base,Earlier reviews were more favorable to long-length training.,Eligibility retained only for male-applicable inference; do not infer a sex-specific effect unless marked direct.,2026-07-12,2026-07-12
stu_0014,Fonseca et al. (2023). Comparison of Traditional and Advanced Resistance Training Paradigms on Muscle Hypertrophy in Trained Individuals. BioMed Research International. https://doi.org/10.1155/2023/9507977,2023,Fonseca et al.,Comparison of Traditional and Advanced Resistance Training Paradigms on Muscle Hypertrophy in Trained Individuals,BioMed Research International,10.1155/2023/9507977,,,https://doi.org/10.1155/2023/9507977,systematic_review_meta_analysis,advanced_methods,false,true,false,,,intermediate,,adult,not_reported,,Evidence synthesis of resistance-training interventions,Varied by included study,Varied by included study,Not consistently controlled,Direct and/or indirect measures relevant to the stated topic,"Drop sets, rest-pause and other advanced systems did not collectively outperform traditional multiple sets for hypertrophy when effort and volume were comparable.","Overall SMD approximately 0.00, 95% CI -0.15 to 0.14",See source; not reducible to one test,"Drop sets, rest-pause and other advanced systems did not collectively outperform traditional multiple sets for hypertrophy when effort and volume were comparable.",Heterogeneous protocols and populations; male-specific aggregate often unavailable,varies_across_included_studies,indirect,tier_1,moderate,part_of_broader_evidence_base,See evidence conclusions and gaps tables,Eligibility retained only for male-applicable inference; do not infer a sex-specific effect unless marked direct.,2026-07-12,2026-07-12
stu_0015,Moesgaard et al. (2022). Effects of Periodization on Strength and Muscle Hypertrophy in Volume-Equated Resistance Training Programs. Sports Medicine. https://doi.org/10.1007/s40279-021-01636-1,2022,Moesgaard et al.,Effects of Periodization on Strength and Muscle Hypertrophy in Volume-Equated Resistance Training Programs,Sports Medicine,10.1007/s40279-021-01636-1,,,https://doi.org/10.1007/s40279-021-01636-1,systematic_review_meta_analysis,periodization,false,true,false,,,mixed,,adult,not_reported,,Evidence synthesis of resistance-training interventions,Varied by included study,Varied by included study,Not consistently controlled,Direct and/or indirect measures relevant to the stated topic,Periodization improved 1RM strength modestly but did not clearly improve hypertrophy when volume was equated.,,See source; not reducible to one test,Periodization improved 1RM strength modestly but did not clearly improve hypertrophy when volume was equated.,Heterogeneous protocols and populations; male-specific aggregate often unavailable,varies_across_included_studies,indirect,tier_1,moderate,part_of_broader_evidence_base,See evidence conclusions and gaps tables,Eligibility retained only for male-applicable inference; do not infer a sex-specific effect unless marked direct.,2026-07-12,2026-07-12
stu_0016,Morton et al. (2018). Protein supplementation and resistance training-induced gains in muscle mass and strength. British Journal of Sports Medicine. https://doi.org/10.1136/bjsports-2017-097608,2018,Morton et al.,Protein supplementation and resistance training-induced gains in muscle mass and strength,British Journal of Sports Medicine,10.1136/bjsports-2017-097608,,,https://doi.org/10.1136/bjsports-2017-097608,systematic_review_meta_analysis,protein,false,true,false,,1863,mixed,,adult,not_reported,,Evidence synthesis of resistance-training interventions,Varied by included study,Varied by included study,Not consistently controlled,Direct and/or indirect measures relevant to the stated topic,"Protein supplementation modestly augmented training adaptations; benefits plateaued around 1.6 g/kg/day on average, with an upper confidence bound near 2.2 g/kg/day.",,See source; not reducible to one test,"Protein supplementation modestly augmented training adaptations; benefits plateaued around 1.6 g/kg/day on average, with an upper confidence bound near 2.2 g/kg/day.",Heterogeneous protocols and populations; male-specific aggregate often unavailable,varies_across_included_studies,indirect,tier_1,high,part_of_broader_evidence_base,See evidence conclusions and gaps tables,Eligibility retained only for male-applicable inference; do not infer a sex-specific effect unless marked direct.,2026-07-12,2026-07-12
stu_0017,Jäger et al. (2017). International Society of Sports Nutrition Position Stand: protein and exercise. Journal of the International Society of Sports Nutrition. https://doi.org/10.1186/s12970-017-0177-8,2017,Jäger et al.,International Society of Sports Nutrition Position Stand: protein and exercise,Journal of the International Society of Sports Nutrition,10.1186/s12970-017-0177-8,,,https://doi.org/10.1186/s12970-017-0177-8,position_stand,protein,false,true,false,,,mixed,,adult,not_reported,,Evidence synthesis of resistance-training interventions,Varied by included study,Varied by included study,Not consistently controlled,Direct and/or indirect measures relevant to the stated topic,Most exercising adults can support adaptation with 1.4-2.0 g/kg/day; higher intakes may help lean trained athletes during energy restriction.,,See source; not reducible to one test,Most exercising adults can support adaptation with 1.4-2.0 g/kg/day; higher intakes may help lean trained athletes during energy restriction.,Heterogeneous protocols and populations; male-specific aggregate often unavailable,varies_across_included_studies,indirect,tier_2,moderate,part_of_broader_evidence_base,See evidence conclusions and gaps tables,Eligibility retained only for male-applicable inference; do not infer a sex-specific effect unless marked direct.,2026-07-12,2026-07-12
stu_0018,Helms et al. (2014). Dietary protein during caloric restriction in resistance trained lean athletes. International Journal of Sport Nutrition and Exercise Metabolism. https://doi.org/10.1123/ijsnem.2013-0054,2014,Helms et al.,Dietary protein during caloric restriction in resistance trained lean athletes,International Journal of Sport Nutrition and Exercise Metabolism,10.1123/ijsnem.2013-0054,,,https://doi.org/10.1123/ijsnem.2013-0054,systematic_review,protein_deficit,false,true,false,,,intermediate,,adult,not_reported,,Evidence synthesis of resistance-training interventions,Varied by included study,Varied by included study,Not consistently controlled,Direct and/or indirect measures relevant to the stated topic,"Lean resistance-trained athletes in a deficit may benefit from approximately 2.3-3.1 g/kg fat-free mass/day, scaled to leanness and deficit severity.",,See source; not reducible to one test,"Lean resistance-trained athletes in a deficit may benefit from approximately 2.3-3.1 g/kg fat-free mass/day, scaled to leanness and deficit severity.",Heterogeneous protocols and populations; male-specific aggregate often unavailable,varies_across_included_studies,indirect,tier_1,moderate,part_of_broader_evidence_base,See evidence conclusions and gaps tables,Eligibility retained only for male-applicable inference; do not infer a sex-specific effect unless marked direct.,2026-07-12,2026-07-12
stu_0019,Murphy and Koehler (2022). Energy deficiency impairs resistance training gains in lean mass but not strength. Scandinavian Journal of Medicine and Science in Sports. https://doi.org/10.1111/sms.14075,2022,Murphy and Koehler,Energy deficiency impairs resistance training gains in lean mass but not strength,Scandinavian Journal of Medicine and Science in Sports,10.1111/sms.14075,,,https://doi.org/10.1111/sms.14075,systematic_review_meta_analysis,energy_deficit,false,true,false,,,mixed,,adult,not_reported,,Evidence synthesis of resistance-training interventions,Varied by included study,Varied by included study,Not consistently controlled,Direct and/or indirect measures relevant to the stated topic,Energy deficits impaired lean-mass gains but not strength; meta-regression estimated that about 500 kcal/day prevented lean-mass gains on average.,"Lean mass ES -0.57, p=0.02; strength ES -0.31, p=0.28",See source; not reducible to one test,Energy deficits impaired lean-mass gains but not strength; meta-regression estimated that about 500 kcal/day prevented lean-mass gains on average.,Heterogeneous protocols and populations; male-specific aggregate often unavailable,varies_across_included_studies,indirect,tier_1,high,part_of_broader_evidence_base,See evidence conclusions and gaps tables,Eligibility retained only for male-applicable inference; do not infer a sex-specific effect unless marked direct.,2026-07-12,2026-07-12
stu_0020,Roth et al. (2023). Resistance training volume does not influence lean mass preservation during energy restriction in trained males. Scandinavian Journal of Medicine and Science in Sports. https://doi.org/10.1111/sms.14237,2023,Roth et al.,Resistance training volume does not influence lean mass preservation during energy restriction in trained males,Scandinavian Journal of Medicine and Science in Sports,10.1111/sms.14237,,,https://doi.org/10.1111/sms.14237,randomized_controlled_trial,deficit_training_volume,true,false,true,38,38,intermediate,,young_adult,natural,6,Evidence synthesis of resistance-training interventions,Varied by included study,Varied by included study,30 kcal/kg/day and 2.8 g/kg fat-free mass/day protein,DXA lean mass and muscle thickness,"In trained males consuming high protein, higher training volume did not preserve more lean mass than moderate volume over six weeks.",,See source; not reducible to one test,"In trained males consuming high protein, higher training volume did not preserve more lean mass than moderate volume over six weeks.",Heterogeneous protocols and populations; male-specific aggregate often unavailable,varies_across_included_studies,direct,tier_3,moderate,part_of_broader_evidence_base,See evidence conclusions and gaps tables,Eligibility retained only for male-applicable inference; do not infer a sex-specific effect unless marked direct.,2026-07-12,2026-07-12
stu_0021,Longland et al. (2016). Higher compared with lower dietary protein during an energy deficit combined with intense exercise. American Journal of Clinical Nutrition. https://doi.org/10.3945/ajcn.115.119339,2016,Longland et al.,Higher compared with lower dietary protein during an energy deficit combined with intense exercise,American Journal of Clinical Nutrition,10.3945/ajcn.115.119339,,,https://doi.org/10.3945/ajcn.115.119339,randomized_controlled_trial,recomposition,true,false,true,40,40,untrained,23,young_adult,natural,4,Evidence synthesis of resistance-training interventions,Varied by included study,Varied by included study,Approximately 40% energy deficit,Body composition and performance,Young men in a marked deficit gained lean mass and lost more fat with 2.4 versus 1.2 g/kg/day protein during intensive exercise.,Lean mass +1.2 kg high protein vs +0.1 kg control; fat mass -4.8 vs -3.5 kg,See source; not reducible to one test,Young men in a marked deficit gained lean mass and lost more fat with 2.4 versus 1.2 g/kg/day protein during intensive exercise.,Heterogeneous protocols and populations; male-specific aggregate often unavailable,varies_across_included_studies,direct,tier_3,moderate,part_of_broader_evidence_base,See evidence conclusions and gaps tables,Eligibility retained only for male-applicable inference; do not infer a sex-specific effect unless marked direct.,2026-07-12,2026-07-12
stu_0022,Iraki et al. (2019). Nutrition Recommendations for Bodybuilders in the Off-Season. Sports. https://doi.org/10.3390/sports7070154,2019,Iraki et al.,Nutrition Recommendations for Bodybuilders in the Off-Season,Sports,10.3390/sports7070154,,,https://doi.org/10.3390/sports7070154,narrative_review,bulking,false,true,false,,,intermediate,,adult,not_reported,,Evidence synthesis of resistance-training interventions,Varied by included study,Varied by included study,Not consistently controlled,Direct and/or indirect measures relevant to the stated topic,"A 10-20% surplus and 0.25-0.5% body-weight gain per week were proposed for novice/intermediate natural bodybuilders, with more conservative rates for advanced trainees.",,See source; not reducible to one test,"A 10-20% surplus and 0.25-0.5% body-weight gain per week were proposed for novice/intermediate natural bodybuilders, with more conservative rates for advanced trainees.",Heterogeneous protocols and populations; male-specific aggregate often unavailable,varies_across_included_studies,indirect,tier_7,low,part_of_broader_evidence_base,See evidence conclusions and gaps tables,"Practical expert synthesis, not a validated optimal surplus threshold.",2026-07-12,2026-07-12
stu_0023,Barakat et al. (2020). Body Recomposition: Can Trained Individuals Build Muscle and Lose Fat at the Same Time?. Strength and Conditioning Journal. https://doi.org/10.1519/SSC.0000000000000584,2020,Barakat et al.,Body Recomposition: Can Trained Individuals Build Muscle and Lose Fat at the Same Time?,Strength and Conditioning Journal,10.1519/SSC.0000000000000584,,,https://doi.org/10.1519/SSC.0000000000000584,narrative_review,recomposition,false,true,false,,,mixed,,adult,not_reported,,Evidence synthesis of resistance-training interventions,Varied by included study,Varied by included study,Not consistently controlled,Direct and/or indirect measures relevant to the stated topic,"Recomposition is possible, including in trained people, but likelihood and magnitude depend on training age, starting adiposity, prior detraining, protein and stimulus quality.",,See source; not reducible to one test,"Recomposition is possible, including in trained people, but likelihood and magnitude depend on training age, starting adiposity, prior detraining, protein and stimulus quality.",Heterogeneous protocols and populations; male-specific aggregate often unavailable,varies_across_included_studies,indirect,tier_7,low,part_of_broader_evidence_base,See evidence conclusions and gaps tables,Eligibility retained only for male-applicable inference; do not infer a sex-specific effect unless marked direct.,2026-07-12,2026-07-12
stu_0024,Campbell et al. (2018). Effects of High Versus Low Protein Intake on Body Composition and Maximal Strength in Aspiring Female Physique Athletes. International Journal of Sport Nutrition and Exercise Metabolism. https://doi.org/10.1123/ijsnem.2017-0389,2018,Campbell et al.,Effects of High Versus Low Protein Intake on Body Composition and Maximal Strength in Aspiring Female Physique Athletes,International Journal of Sport Nutrition and Exercise Metabolism,10.1123/ijsnem.2017-0389,,,https://doi.org/10.1123/ijsnem.2017-0389,randomized_controlled_trial,protein,false,false,false,0,17,mixed,,adult,not_reported,,Evidence synthesis of resistance-training interventions,Varied by included study,Varied by included study,Not consistently controlled,Direct and/or indirect measures relevant to the stated topic,Female-only study retained as excluded negative control; it must not support male recommendations.,,See source; not reducible to one test,Female-only study retained as excluded negative control; it must not support male recommendations.,Heterogeneous protocols and populations; male-specific aggregate often unavailable,varies_across_included_studies,excluded,tier_3,very_low,part_of_broader_evidence_base,See evidence conclusions and gaps tables,EXCLUDED from all recommendation mappings because sample was female-only.,2026-07-12,2026-07-12
stu_0025,Schoenfeld et al. (2019). Resistance Training Volume Enhances Muscle Hypertrophy but Not Strength in Trained Men. Medicine and Science in Sports and Exercise. https://doi.org/10.1249/MSS.0000000000001764,2019,Schoenfeld et al.,Resistance Training Volume Enhances Muscle Hypertrophy but Not Strength in Trained Men,Medicine and Science in Sports and Exercise,10.1249/MSS.0000000000001764,,,https://doi.org/10.1249/MSS.0000000000001764,randomized_controlled_trial,training_volume,true,false,true,34,34,intermediate,,young_adult,natural,8,"1, 3, or 5 sets per exercise per session",Varied by included study,Three full-body sessions weekly,Not consistently controlled,"Ultrasound muscle thickness, DXA, 1RM","In 34 trained men, higher set prescriptions produced greater hypertrophy at several sites over eight weeks, with little strength separation.",,See source; not reducible to one test,"In 34 trained men, higher set prescriptions produced greater hypertrophy at several sites over eight weeks, with little strength separation.",Heterogeneous protocols and populations; male-specific aggregate often unavailable,varies_across_included_studies,direct,tier_3,moderate,part_of_broader_evidence_base,See evidence conclusions and gaps tables,Eligibility retained only for male-applicable inference; do not infer a sex-specific effect unless marked direct.,2026-07-12,2026-07-12
stu_0026,Schoenfeld et al. (2016). Longer Interset Rest Periods Enhance Muscle Strength and Hypertrophy in Resistance-Trained Men. Journal of Strength and Conditioning Research. https://doi.org/10.1519/JSC.0000000000001272,2016,Schoenfeld et al.,Longer Interset Rest Periods Enhance Muscle Strength and Hypertrophy in Resistance-Trained Men,Journal of Strength and Conditioning Research,10.1519/JSC.0000000000001272,,,https://doi.org/10.1519/JSC.0000000000001272,randomized_controlled_trial,rest_intervals,true,false,true,21,21,intermediate,,young_adult,natural,8,1-minute versus 3-minute inter-set rest,Varied by included study,Varied by included study,Not consistently controlled,1RM and ultrasound,Three-minute rests outperformed one-minute rests for strength and some hypertrophy outcomes in resistance-trained young men.,,See source; not reducible to one test,Three-minute rests outperformed one-minute rests for strength and some hypertrophy outcomes in resistance-trained young men.,Heterogeneous protocols and populations; male-specific aggregate often unavailable,varies_across_included_studies,direct,tier_3,moderate,part_of_broader_evidence_base,See evidence conclusions and gaps tables,Eligibility retained only for male-applicable inference; do not infer a sex-specific effect unless marked direct.,2026-07-12,2026-07-12
stu_0027,"Bickel, Cross, and Bamman (2011). Exercise dosing to retain resistance training adaptations in young and older adults. Medicine and Science in Sports and Exercise. https://doi.org/10.1249/MSS.0b013e318207c15d",2011,"Bickel, Cross, and Bamman",Exercise dosing to retain resistance training adaptations in young and older adults,Medicine and Science in Sports and Exercise,10.1249/MSS.0b013e318207c15d,,,https://doi.org/10.1249/MSS.0b013e318207c15d,randomized_controlled_trial,maintenance_volume,false,true,false,,70,untrained,,young_and_older_adult,not_reported,32,Training followed by one-third or one-ninth maintenance dose,Varied by included study,Varied by included study,Not consistently controlled,Direct and/or indirect measures relevant to the stated topic,"After training, young adults maintained hypertrophy with a markedly reduced dose, while older adults required more stimulus to retain hypertrophy.",,See source; not reducible to one test,"After training, young adults maintained hypertrophy with a markedly reduced dose, while older adults required more stimulus to retain hypertrophy.",Heterogeneous protocols and populations; male-specific aggregate often unavailable,varies_across_included_studies,indirect,tier_3,moderate,part_of_broader_evidence_base,See evidence conclusions and gaps tables,Eligibility retained only for male-applicable inference; do not infer a sex-specific effect unless marked direct.,2026-07-12,2026-07-12
stu_0028,Androulakis-Korakakis et al. (2020). The Minimum Effective Training Dose Required to Increase 1RM Strength in Resistance-Trained Men. Sports Medicine. https://doi.org/10.1007/s40279-019-01236-0,2020,Androulakis-Korakakis et al.,The Minimum Effective Training Dose Required to Increase 1RM Strength in Resistance-Trained Men,Sports Medicine,10.1007/s40279-019-01236-0,,,https://doi.org/10.1007/s40279-019-01236-0,systematic_review,minimum_dose_strength,true,false,true,,,intermediate,,adult,not_reported,,Evidence synthesis of resistance-training interventions,Varied by included study,Varied by included study,Not consistently controlled,Direct and/or indirect measures relevant to the stated topic,"Very low weekly doses can increase 1RM strength in trained men, but these findings do not establish minimum hypertrophy volume.",,See source; not reducible to one test,"Very low weekly doses can increase 1RM strength in trained men, but these findings do not establish minimum hypertrophy volume.",Heterogeneous protocols and populations; male-specific aggregate often unavailable,varies_across_included_studies,direct,tier_1,moderate,part_of_broader_evidence_base,See evidence conclusions and gaps tables,Eligibility retained only for male-applicable inference; do not infer a sex-specific effect unless marked direct.,2026-07-12,2026-07-12
stu_0029,"Helms et al. (2018). RPE and Velocity Relationships for the Back Squat, Bench Press, and Deadlift in Powerlifters. Journal of Strength and Conditioning Research. https://doi.org/10.1519/JSC.0000000000002778",2018,Helms et al.,"RPE and Velocity Relationships for the Back Squat, Bench Press, and Deadlift in Powerlifters",Journal of Strength and Conditioning Research,10.1519/JSC.0000000000002778,,,https://doi.org/10.1519/JSC.0000000000002778,observational_study,rir_rpe_velocity,false,true,false,11,15,advanced,,adult,not_reported,,Evidence synthesis of resistance-training interventions,Varied by included study,Varied by included study,Not consistently controlled,Direct and/or indirect measures relevant to the stated topic,"RPE/RIR and velocity relationships were exercise-specific and useful for load monitoring, but prediction error limits single-session deterministic conclusions.",,See source; not reducible to one test,"RPE/RIR and velocity relationships were exercise-specific and useful for load monitoring, but prediction error limits single-session deterministic conclusions.",Heterogeneous protocols and populations; male-specific aggregate often unavailable,varies_across_included_studies,indirect,tier_4,low,part_of_broader_evidence_base,See evidence conclusions and gaps tables,Eligibility retained only for male-applicable inference; do not infer a sex-specific effect unless marked direct.,2026-07-12,2026-07-12
stu_0030,Zourdos et al. (2016). Novel Resistance Training-Specific Rating of Perceived Exertion Scale Measuring Repetitions in Reserve. Journal of Strength and Conditioning Research. https://doi.org/10.1519/JSC.0000000000001049,2016,Zourdos et al.,Novel Resistance Training-Specific Rating of Perceived Exertion Scale Measuring Repetitions in Reserve,Journal of Strength and Conditioning Research,10.1519/JSC.0000000000001049,,,https://doi.org/10.1519/JSC.0000000000001049,observational_study,rir_validation,true,false,true,25,25,intermediate,,adult,not_reported,,Evidence synthesis of resistance-training interventions,Varied by included study,Varied by included study,Not consistently controlled,Direct and/or indirect measures relevant to the stated topic,"A resistance-training-specific RPE scale anchored to repetitions in reserve showed useful validity, with accuracy improving closer to failure.",,See source; not reducible to one test,"A resistance-training-specific RPE scale anchored to repetitions in reserve showed useful validity, with accuracy improving closer to failure.",Heterogeneous protocols and populations; male-specific aggregate often unavailable,varies_across_included_studies,direct,tier_4,moderate,part_of_broader_evidence_base,See evidence conclusions and gaps tables,Eligibility retained only for male-applicable inference; do not infer a sex-specific effect unless marked direct.,2026-07-12,2026-07-12
stu_0031,Zhang et al. (2021). Auto-Regulation Method vs. Fixed-Loading Method in Maximum Strength Training for Athletes: A Systematic Review and Meta-Analysis. Frontiers in Physiology. https://doi.org/10.3389/fphys.2021.651112,2021,Zhang et al.,Auto-Regulation Method vs. Fixed-Loading Method in Maximum Strength Training for Athletes: A Systematic Review and Meta-Analysis,Frontiers in Physiology,10.3389/fphys.2021.651112,33776802,PMC7994759,https://doi.org/10.3389/fphys.2021.651112,systematic_review_meta_analysis,autoregulation,false,true,false,,166,advanced,,adult,not_reported,,Evidence synthesis of resistance-training interventions,Varied by included study,Varied by included study,Not consistently controlled,Direct and/or indirect measures relevant to the stated topic,Autoregulated loading modestly outperformed fixed loading for maximal strength in trained athletes; hypertrophy-specific evidence was not established.,,See source; not reducible to one test,Autoregulated loading modestly outperformed fixed loading for maximal strength in trained athletes; hypertrophy-specific evidence was not established.,Heterogeneous protocols and populations; male-specific aggregate often unavailable,varies_across_included_studies,indirect,tier_1,moderate,part_of_broader_evidence_base,See evidence conclusions and gaps tables,Eligibility retained only for male-applicable inference; do not infer a sex-specific effect unless marked direct.,2026-07-12,2026-07-12
stu_0032,Jukic et al. (2021). The Acute and Chronic Effects of Implementing Velocity Loss Thresholds During Resistance Training. Sports Medicine. https://doi.org/10.1007/s40279-020-01382-2,2021,Jukic et al.,The Acute and Chronic Effects of Implementing Velocity Loss Thresholds During Resistance Training,Sports Medicine,10.1007/s40279-020-01382-2,,,https://doi.org/10.1007/s40279-020-01382-2,systematic_review,velocity_based_training,false,true,false,,,mixed,,adult,not_reported,,Evidence synthesis of resistance-training interventions,Varied by included study,Varied by included study,Not consistently controlled,Direct and/or indirect measures relevant to the stated topic,"Lower velocity-loss thresholds can preserve velocity and reduce fatigue, while greater losses may increase hypertrophy at a cost to neuromuscular performance.",,See source; not reducible to one test,"Lower velocity-loss thresholds can preserve velocity and reduce fatigue, while greater losses may increase hypertrophy at a cost to neuromuscular performance.",Heterogeneous protocols and populations; male-specific aggregate often unavailable,varies_across_included_studies,indirect,tier_1,low,part_of_broader_evidence_base,See evidence conclusions and gaps tables,Eligibility retained only for male-applicable inference; do not infer a sex-specific effect unless marked direct.,2026-07-12,2026-07-12
stu_0033,Schoenfeld and Aragon (2018). How much protein can the body use in a single meal for muscle-building?. Journal of the International Society of Sports Nutrition. https://doi.org/10.1186/s12970-018-0215-1,2018,Schoenfeld and Aragon,How much protein can the body use in a single meal for muscle-building?,Journal of the International Society of Sports Nutrition,10.1186/s12970-018-0215-1,,,https://doi.org/10.1186/s12970-018-0215-1,narrative_review,protein_distribution,false,true,false,,,mixed,,adult,not_reported,,Evidence synthesis of resistance-training interventions,Varied by included study,Varied by included study,Not consistently controlled,Direct and/or indirect measures relevant to the stated topic,Approximately 0.4 g/kg per meal across at least four meals is a practical way to reach 1.6 g/kg/day; exact meal thresholds are uncertain.,,See source; not reducible to one test,Approximately 0.4 g/kg per meal across at least four meals is a practical way to reach 1.6 g/kg/day; exact meal thresholds are uncertain.,Heterogeneous protocols and populations; male-specific aggregate often unavailable,varies_across_included_studies,indirect,tier_7,low,part_of_broader_evidence_base,See evidence conclusions and gaps tables,Eligibility retained only for male-applicable inference; do not infer a sex-specific effect unless marked direct.,2026-07-12,2026-07-12
stu_0034,Yasuda et al. (2020). Evenly Distributed Protein Intake over 3 Meals Augments Resistance Exercise-Induced Muscle Hypertrophy in Healthy Young Men. Journal of Nutrition. https://doi.org/10.1093/jn/nxaa101,2020,Yasuda et al.,Evenly Distributed Protein Intake over 3 Meals Augments Resistance Exercise-Induced Muscle Hypertrophy in Healthy Young Men,Journal of Nutrition,10.1093/jn/nxaa101,,,https://doi.org/10.1093/jn/nxaa101,randomized_controlled_trial,protein_distribution,true,false,true,26,26,untrained,20.8,young_adult,natural,12,Evidence synthesis of resistance-training interventions,Varied by included study,Varied by included study,1.3 g/kg/day protein,Direct and/or indirect measures relevant to the stated topic,A higher-protein breakfast and more even distribution tended to improve lean mass gains versus a dinner-skewed pattern at the same total protein.,Lean mass +2.5 vs +1.8 kg; between-group p=0.06,See source; not reducible to one test,A higher-protein breakfast and more even distribution tended to improve lean mass gains versus a dinner-skewed pattern at the same total protein.,Heterogeneous protocols and populations; male-specific aggregate often unavailable,varies_across_included_studies,direct,tier_3,low,part_of_broader_evidence_base,See evidence conclusions and gaps tables,Eligibility retained only for male-applicable inference; do not infer a sex-specific effect unless marked direct.,2026-07-12,2026-07-12
stu_0035,Gillen et al. (2021). Intermittent Energy Restriction Attenuates the Loss of Fat Free Mass in Resistance Trained Individuals. Journal of Functional Morphology and Kinesiology. https://doi.org/10.3390/jfmk6010019,2021,Gillen et al.,Intermittent Energy Restriction Attenuates the Loss of Fat Free Mass in Resistance Trained Individuals,Journal of Functional Morphology and Kinesiology,10.3390/jfmk6010019,,,https://doi.org/10.3390/jfmk6010019,randomized_controlled_trial,refeeds,false,true,false,,27,intermediate,,adult,not_reported,7,Evidence synthesis of resistance-training interventions,Varied by included study,Varied by included study,Approximately 25% deficit,Direct and/or indirect measures relevant to the stated topic,Two high-carbohydrate refeed days preserved fat-free mass better than continuous restriction in a small mixed-sex trained sample.,,See source; not reducible to one test,Two high-carbohydrate refeed days preserved fat-free mass better than continuous restriction in a small mixed-sex trained sample.,Heterogeneous protocols and populations; male-specific aggregate often unavailable,varies_across_included_studies,indirect,tier_3,low,part_of_broader_evidence_base,See evidence conclusions and gaps tables,Eligibility retained only for male-applicable inference; do not infer a sex-specific effect unless marked direct.,2026-07-12,2026-07-12
stu_0036,Smith et al. (2021). Predicting Adaptations to Resistance Training Plus Overfeeding Using Bayesian Regression. Journal of Functional Morphology and Kinesiology. https://doi.org/10.3390/jfmk6020036,2021,Smith et al.,Predicting Adaptations to Resistance Training Plus Overfeeding Using Bayesian Regression,Journal of Functional Morphology and Kinesiology,10.3390/jfmk6020036,,,https://doi.org/10.3390/jfmk6020036,longitudinal_trial,overfeeding,true,false,true,28,28,intermediate,,young_adult,natural,6,Evidence synthesis of resistance-training interventions,Varied by included study,Varied by included study,Not consistently controlled,Direct and/or indirect measures relevant to the stated topic,Faster weight gain during six weeks of overfeeding in trained men did not precisely predict tissue outcomes; responses varied markedly.,,See source; not reducible to one test,Faster weight gain during six weeks of overfeeding in trained men did not precisely predict tissue outcomes; responses varied markedly.,Heterogeneous protocols and populations; male-specific aggregate often unavailable,varies_across_included_studies,direct,tier_4,low,part_of_broader_evidence_base,See evidence conclusions and gaps tables,Eligibility retained only for male-applicable inference; do not infer a sex-specific effect unless marked direct.,2026-07-12,2026-07-12
stu_0037,Schoenfeld et al. (2021). Resistance Training Recommendations to Maximize Muscle Hypertrophy in an Athletic Population: Position Stand of the IUSCA. International Journal of Strength and Conditioning. https://doi.org/10.47206/ijsc.v1i1.81,2021,Schoenfeld et al.,Resistance Training Recommendations to Maximize Muscle Hypertrophy in an Athletic Population: Position Stand of the IUSCA,International Journal of Strength and Conditioning,10.47206/ijsc.v1i1.81,,,https://doi.org/10.47206/ijsc.v1i1.81,position_stand,programming,false,true,false,,,mixed,,adult,not_reported,,Evidence synthesis of resistance-training interventions,Varied by included study,Varied by included study,Not consistently controlled,Direct and/or indirect measures relevant to the stated topic,"Practical hypertrophy programming should integrate volume, load, frequency, rest, effort, exercise selection, and individual response rather than a single optimal prescription.",,See source; not reducible to one test,"Practical hypertrophy programming should integrate volume, load, frequency, rest, effort, exercise selection, and individual response rather than a single optimal prescription.",Heterogeneous protocols and populations; male-specific aggregate often unavailable,varies_across_included_studies,indirect,tier_2,moderate,part_of_broader_evidence_base,See evidence conclusions and gaps tables,Eligibility retained only for male-applicable inference; do not infer a sex-specific effect unless marked direct.,2026-07-12,2026-07-12
stu_0038,Grgic et al. (2017). Effects of short versus long inter-set rest intervals on muscle hypertrophy. European Journal of Sport Science. https://doi.org/10.1080/17461391.2017.1340524,2017,Grgic et al.,Effects of short versus long inter-set rest intervals on muscle hypertrophy,European Journal of Sport Science,10.1080/17461391.2017.1340524,,,https://doi.org/10.1080/17461391.2017.1340524,systematic_review,rest_intervals,false,true,false,,,mixed,,adult,not_reported,,Evidence synthesis of resistance-training interventions,Varied by included study,Varied by included study,Not consistently controlled,Direct and/or indirect measures relevant to the stated topic,"Both short and long rests can support hypertrophy, with limited trained evidence favoring longer rests.",,See source; not reducible to one test,"Both short and long rests can support hypertrophy, with limited trained evidence favoring longer rests.",Heterogeneous protocols and populations; male-specific aggregate often unavailable,varies_across_included_studies,indirect,tier_1,moderate,part_of_broader_evidence_base,See evidence conclusions and gaps tables,Eligibility retained only for male-applicable inference; do not infer a sex-specific effect unless marked direct.,2026-07-12,2026-07-12
stu_0039,Schoenfeld et al. (2017). Strength and Hypertrophy Adaptations Between Low- vs High-Load Resistance Training. Journal of Strength and Conditioning Research. https://doi.org/10.1519/JSC.0000000000002200,2017,Schoenfeld et al.,Strength and Hypertrophy Adaptations Between Low- vs High-Load Resistance Training,Journal of Strength and Conditioning Research,10.1519/JSC.0000000000002200,,,https://doi.org/10.1519/JSC.0000000000002200,systematic_review_meta_analysis,loading,false,true,false,,,mixed,,adult,not_reported,,Evidence synthesis of resistance-training interventions,Varied by included study,Varied by included study,Not consistently controlled,Direct and/or indirect measures relevant to the stated topic,"Across studies, hypertrophy was similar between low and high loads when effort was high, while maximal strength favored high loads.",,See source; not reducible to one test,"Across studies, hypertrophy was similar between low and high loads when effort was high, while maximal strength favored high loads.",Heterogeneous protocols and populations; male-specific aggregate often unavailable,varies_across_included_studies,indirect,tier_1,high,part_of_broader_evidence_base,See evidence conclusions and gaps tables,Eligibility retained only for male-applicable inference; do not infer a sex-specific effect unless marked direct.,2026-07-12,2026-07-12
stu_0040,Alizadeh et al. (2023). Resistance Training Induces Improvements in Range of Motion. Sports Medicine. https://doi.org/10.1007/s40279-022-01804-x,2023,Alizadeh et al.,Resistance Training Induces Improvements in Range of Motion,Sports Medicine,10.1007/s40279-022-01804-x,,,https://doi.org/10.1007/s40279-022-01804-x,systematic_review_meta_analysis,range_of_motion_flexibility,false,true,false,,,mixed,,adult,not_reported,,Evidence synthesis of resistance-training interventions,Varied by included study,Varied by included study,Not consistently controlled,Direct and/or indirect measures relevant to the stated topic,Resistance training with external load increased joint range of motion similarly to stretching in healthy adults.,,See source; not reducible to one test,Resistance training with external load increased joint range of motion similarly to stretching in healthy adults.,Heterogeneous protocols and populations; male-specific aggregate often unavailable,varies_across_included_studies,indirect,tier_1,moderate,part_of_broader_evidence_base,See evidence conclusions and gaps tables,Eligibility retained only for male-applicable inference; do not infer a sex-specific effect unless marked direct.,2026-07-12,2026-07-12
stu_0041,Martín-Fuentes et al. (2020). Electromyographic activity in deadlift exercise and its variants: a systematic review. PLOS ONE. https://doi.org/10.1371/journal.pone.0229507,2020,Martín-Fuentes et al.,Electromyographic activity in deadlift exercise and its variants: a systematic review,PLOS ONE,10.1371/journal.pone.0229507,,,https://doi.org/10.1371/journal.pone.0229507,systematic_review,exercise_biomechanics,false,true,false,,,mixed,,adult,not_reported,,Evidence synthesis of resistance-training interventions,Varied by included study,Varied by included study,Not consistently controlled,Direct and/or indirect measures relevant to the stated topic,"Deadlift variants load multiple lower-body and trunk muscles, with meaningful variation-specific differences; EMG does not establish hypertrophy set equivalence.",,See source; not reducible to one test,"Deadlift variants load multiple lower-body and trunk muscles, with meaningful variation-specific differences; EMG does not establish hypertrophy set equivalence.",Heterogeneous protocols and populations; male-specific aggregate often unavailable,varies_across_included_studies,mechanistic,tier_1,moderate,part_of_broader_evidence_base,See evidence conclusions and gaps tables,"Used to support multi-muscle classification and uncertainty, not to translate EMG amplitude directly into hypertrophy credit.",2026-07-12,2026-07-12
stu_0042,Lee et al. (2018). An electromyographic and kinetic comparison of conventional and Romanian deadlifts. Journal of Exercise Science & Fitness. https://doi.org/10.1016/j.jesf.2018.08.001,2018,Lee et al.,An electromyographic and kinetic comparison of conventional and Romanian deadlifts,Journal of Exercise Science & Fitness,10.1016/j.jesf.2018.08.001,,,https://doi.org/10.1016/j.jesf.2018.08.001,acute_mechanistic_study,exercise_biomechanics,true,true,false,21,21,not_reported,,adult,not_reported,,Evidence synthesis of resistance-training interventions,Varied by included study,Varied by included study,Not consistently controlled,Direct and/or indirect measures relevant to the stated topic,"In 21 males, conventional and Romanian deadlifts differed in lower-limb muscle activity and joint kinetics; conventional deadlift showed greater rectus femoris and gluteus maximus demand.",,See source; not reducible to one test,"In 21 males, conventional and Romanian deadlifts differed in lower-limb muscle activity and joint kinetics; conventional deadlift showed greater rectus femoris and gluteus maximus demand.",Heterogeneous protocols and populations; male-specific aggregate often unavailable,not_formally_assessed,mechanistic,tier_6,moderate,part_of_broader_evidence_base,See evidence conclusions and gaps tables,Supports variation-specific mechanics; acute EMG and kinetics do not prove longitudinal hypertrophy magnitude.,2026-07-12,2026-07-12
stu_0043,"Currier et al. (2026). American College of Sports Medicine Position Stand. Resistance Training Prescription for Muscle Function, Hypertrophy, and Physical Performance in Healthy Adults: An Overview of Reviews. Medicine and Science in Sports and Exercise. https://doi.org/10.1249/MSS.0000000000003897",2026,Currier et al.,"American College of Sports Medicine Position Stand. Resistance Training Prescription for Muscle Function, Hypertrophy, and Physical Performance in Healthy Adults: An Overview of Reviews",Medicine and Science in Sports and Exercise,10.1249/MSS.0000000000003897,41843416,PMC12965823,https://doi.org/10.1249/MSS.0000000000003897,position_stand,resistance_training_scope,false,true,false,,,mixed,,adult,not_reported,,Overview of 137 systematic reviews covering randomized resistance-training trials of at least 6 weeks,No exercise or alternative resistance-training prescriptions,Healthy adults across varied resistance-training prescriptions,Not consistently controlled,"Strength, hypertrophy, power, endurance, balance, gait, and physical function","Progressive resistance training improves muscle function, hypertrophy, and physical performance across healthy adults; some prescription variables influence specific outcomes, but many alternatives remain effective.",,See source; not reducible to one test,"Progressive resistance training improves muscle function, hypertrophy, and physical performance across healthy adults; some prescription variables influence specific outcomes, but many alternatives remain effective.","Umbrella overview of 137 reviews and more than 30,000 participants; review overlap and heterogeneous methods limit independence, and aggregate male-specific counts or effects were not reported.",varies_across_included_studies,indirect,tier_2,high,part_of_broader_evidence_base,See evidence conclusions and gaps tables,Broad healthy-adult position stand; do not convert overview-level cut points into universal male-specific algorithms.,2026-07-12,2026-07-12
stu_0044,"Robinson et al. (2024). Exploring the Dose-Response Relationship Between Estimated Resistance Training Proximity to Failure, Strength Gain, and Muscle Hypertrophy: A Series of Meta-Regressions. Sports Medicine. https://doi.org/10.1007/s40279-024-02069-2",2024,Robinson et al.,"Exploring the Dose-Response Relationship Between Estimated Resistance Training Proximity to Failure, Strength Gain, and Muscle Hypertrophy: A Series of Meta-Regressions",Sports Medicine,10.1007/s40279-024-02069-2,38970765,,https://doi.org/10.1007/s40279-024-02069-2,systematic_review_meta_analysis,proximity_to_failure,false,true,false,,,mixed,,adult,not_reported,,Evidence synthesis of resistance-training interventions,Varied by included study,Varied by included study,Not consistently controlled,Strength and muscle hypertrophy effect sizes modeled against estimated repetitions in reserve,"Estimated proximity to failure showed little association with strength gain and a trend toward greater hypertrophy closer to failure, but the exact relationship remains unclear.",,See source; not reducible to one test,"Estimated proximity to failure showed little association with strength gain and a trend toward greater hypertrophy closer to failure, but the exact relationship remains unclear.","RIR was estimated from aggregate intervention descriptions; analyses were exploratory, model fit was modest, and the source does not establish a validated universal threshold.",varies_across_included_studies,indirect,tier_1,moderate,part_of_broader_evidence_base,See evidence conclusions and gaps tables,"Use for directional uncertainty, not an exact RIR optimizer.",2026-07-12,2026-07-12
stu_0045,Refalo et al. (2024). Similar muscle hypertrophy following eight weeks of resistance training to momentary muscular failure or with repetitions-in-reserve in resistance-trained individuals. Journal of Sports Sciences. https://doi.org/10.1080/02640414.2024.2321021,2024,Refalo et al.,Similar muscle hypertrophy following eight weeks of resistance training to momentary muscular failure or with repetitions-in-reserve in resistance-trained individuals,Journal of Sports Sciences,10.1080/02640414.2024.2321021,38393985,,https://doi.org/10.1080/02640414.2024.2321021,randomized_controlled_trial,proximity_to_failure,false,true,false,12,18,intermediate,,adult,not_reported,8,Twice-weekly split-limb leg press and leg extension performed to momentary failure,Contralateral limb trained at perceived 2 RIR and 1 RIR,Varied by included study,Not consistently controlled,Rectus femoris and vastus lateralis thickness plus repetition and velocity loss,"Failure and 1-2 RIR conditions produced similar quadriceps hypertrophy, while failure caused greater acute repetition and velocity loss.",,See source; not reducible to one test,"Failure and 1-2 RIR conditions produced similar quadriceps hypertrophy, while failure caused greater acute repetition and velocity loss.","Small mixed-sex sample (12 males, 6 females), non-separable sex results, quadriceps-only measures, and an eight-week intervention limit generalization.",some_concerns,indirect,tier_3,moderate,part_of_broader_evidence_base,See evidence conclusions and gaps tables,Eligibility retained only for male-applicable inference; do not infer a sex-specific effect unless marked direct.,2026-07-12,2026-07-12
stu_0046,Coleman et al. (2024). Gaining more from doing less? The effects of a one-week deload period during supervised resistance training on muscular adaptations. PeerJ. https://doi.org/10.7717/peerj.16777,2024,Coleman et al.,Gaining more from doing less? The effects of a one-week deload period during supervised resistance training on muscular adaptations,PeerJ,10.7717/peerj.16777,38274324,PMC10809978,https://doi.org/10.7717/peerj.16777,randomized_controlled_trial,deload,false,true,false,29,39,intermediate,,adult,not_reported,9,One week of complete resistance-training cessation at the midpoint of a high-volume program,Continuous resistance training across the nine-week program,Varied by included study,Not consistently controlled,"Lower-body muscle thickness, strength, endurance, power, and readiness","A one-week mid-program cessation did not improve hypertrophy, power, or endurance and produced smaller strength gains than continuous training.",,See source; not reducible to one test,"A one-week mid-program cessation did not improve hypertrophy, power, or endurance and produced smaller strength gains than continuous training.","Small mixed-sex sample with non-separable results; the intervention was complete cessation, not a reduced-load deload, within one nine-week program.",some_concerns,indirect,tier_3,low,part_of_broader_evidence_base,See evidence conclusions and gaps tables,Eligibility retained only for male-applicable inference; do not infer a sex-specific effect unless marked direct.,2026-07-12,2026-07-12
stu_0047,Kassiano et al. (2023). Greater Gastrocnemius Muscle Hypertrophy After Partial Range of Motion Training Performed at Long Muscle Lengths. Journal of Strength and Conditioning Research. https://doi.org/10.1519/JSC.0000000000004460,2023,Kassiano et al.,Greater Gastrocnemius Muscle Hypertrophy After Partial Range of Motion Training Performed at Long Muscle Lengths,Journal of Strength and Conditioning Research,10.1519/JSC.0000000000004460,37015016,,https://doi.org/10.1519/JSC.0000000000004460,randomized_controlled_trial,muscle_length,false,false,false,0,42,untrained,,adult,not_reported,8,Three weekly sets of 15-20RM calf raises using full or partial ranges of motion,"Full, initial long-length partial, and final short-length partial ranges",Varied by included study,Not consistently controlled,Ultrasound medial and lateral gastrocnemius muscle thickness,"Long-muscle-length partial calf raises increased gastrocnemius thickness more than short-length partials and, for some regions, full range of motion.",,See source; not reducible to one test,"Long-muscle-length partial calf raises increased gastrocnemius thickness more than short-length partials and, for some regions, full range of motion.","Female-only sample of 42 untrained young women; gastrocnemius-specific ultrasound outcomes cannot establish a male or whole-body rule. Because all 42 participants were women, the mixed-sex contract flag is false; the zero-male count and excluded applicability remain authoritative.",some_concerns,excluded,tier_3,low,part_of_broader_evidence_base,See evidence conclusions and gaps tables,Negative-control evidence row: retained for bibliography completeness but excluded from all male conclusions and application mappings.,2026-07-12,2026-07-12
stu_0048,Marasingha-Arachchige et al. (2022). Factors that affect heart rate variability following acute resistance exercise: A systematic review and meta-analysis. Journal of Sport and Health Science. https://doi.org/10.1016/j.jshs.2020.11.008,2022,Marasingha-Arachchige et al.,Factors that affect heart rate variability following acute resistance exercise: A systematic review and meta-analysis,Journal of Sport and Health Science,10.1016/j.jshs.2020.11.008,33246163,PMC9189698,https://doi.org/10.1016/j.jshs.2020.11.008,systematic_review_meta_analysis,readiness_hrv,false,true,false,,412,mixed,,adult,not_reported,,Acute resistance-exercise sessions from 26 included studies,Pre-exercise HRV and protocol subgroups,Heterogeneous acute resistance-exercise protocols,Not consistently controlled,Post-exercise heart-rate-variability parameters,"Acute resistance exercise transiently alters post-exercise HRV, with volume, set count, intensity, and rest moderating some cardiac autonomic outcomes.",,See source; not reducible to one test,"Acute resistance exercise transiently alters post-exercise HRV, with volume, set count, intensity, and rest moderating some cardiac autonomic outcomes.",Acute heterogeneous evidence cannot establish a causal pre-session readiness threshold or validate an HRV-based workout prescription algorithm; sex-specific aggregate counts were not reported.,varies_across_included_studies,indirect,tier_1,low,part_of_broader_evidence_base,See evidence conclusions and gaps tables,Useful for monitoring context only; not direct evidence that HRV should increase or decrease a planned workout.,2026-07-12,2026-07-12
